{
    "loss": 0.9579125642776489,
    "accuracy": 0.9224137663841248
}