{
    "loss": 0.5661132335662842,
    "accuracy": 0.9482758641242981
}